{
  "precision": 0.7666666666666667,
  "recall": 1.0,
  "f1": 0.8287037037037037,
  "mrr": 0.9166666666666666
}